{"cameraMode":{"drawMode":0,"name":"Shaded","section":"Shading Mode"},"sceneLighting":true,"audioPlay":false,"sceneViewState":{"showFog":true,"showMaterialUpdate":false,"showSkybox":true,"showFlares":true,"showImageEffects":true,"showParticleSystems":true},"in2DMode":false,"pivot":{"x":27.346418380737306,"y":21.766407012939454,"z":168.62832641601563},"rotation":{"x":0.11819717288017273,"y":-0.304332435131073,"z":0.03808792680501938,"w":0.9444366097450256},"size":43.9205436706543,"orthographic":false}