{"cameraMode":{"drawMode":0,"name":"Shaded","section":"Shading Mode"},"sceneLighting":false,"audioPlay":false,"sceneViewState":{"showFog":true,"showMaterialUpdate":false,"showSkybox":false,"showFlares":true,"showImageEffects":true,"showParticleSystems":true},"in2DMode":false,"pivot":{"x":92.77549743652344,"y":31.24599266052246,"z":156.60032653808595},"rotation":{"x":0.016148122027516366,"y":-0.20549644529819489,"z":0.0033909513149410488,"w":0.9785187840461731},"size":2.2361717224121095,"orthographic":false}